{
    "w2v2_hf": {
        "1": {
            "distance": "euclidean",
            "window_size": 7,
            "prominence": 0.3,
            "f1": 0.2629174309836047,
            "rval": 0.3977876451533148
        },
        "2": {
            "distance": "euclidean",
            "window_size": 5,
            "prominence": 0.6,
            "f1": 0.26591052299936985,
            "rval": 0.4003894545839388
        },
        "3": {
            "distance": "euclidean",
            "window_size": 4,
            "prominence": 0.8,
            "f1": 0.2556632486887768,
            "rval": 0.38690485819240494
        },
        "4": {
            "distance": "cosine",
            "window_size": 4,
            "prominence": 0.5,
            "f1": 0.30090943745575344,
            "rval": 0.41041094177570103
        },
        "5": {
            "distance": "cosine",
            "window_size": 4,
            "prominence": 0.4,
            "f1": 0.37354924114152016,
            "rval": 0.43635610237967926
        },
        "6": {
            "distance": "cosine",
            "window_size": 4,
            "prominence": 0.5,
            "f1": 0.41711394272135044,
            "rval": 0.48788087244314715
        },
        "7": {
            "distance": "cosine",
            "window_size": 4,
            "prominence": 0.6,
            "f1": 0.4342333738496267,
            "rval": 0.5107896157306923
        },
        "8": {
            "distance": "cosine",
            "window_size": 4,
            "prominence": 0.5,
            "f1": 0.4253257070225612,
            "rval": 0.487032847799334
        },
        "9": {
            "distance": "cosine",
            "window_size": 4,
            "prominence": 0.5,
            "f1": 0.3855086934815169,
            "rval": 0.4805659790667931
        },
        "10": {
            "distance": "cosine",
            "window_size": 6,
            "prominence": 0.3,
            "f1": 0.271078832187004,
            "rval": 0.413394758380644
        },
        "11": {
            "distance": "cosine",
            "window_size": 6,
            "prominence": 0.5,
            "f1": 0.21114911251466661,
            "rval": 0.3775814537978257
        },
        "12": {
            "distance": "cosine",
            "window_size": 7,
            "prominence": 0.3,
            "f1": 0.1680242808364391,
            "rval": 0.3151618678964979
        }
    },
    "w2v2_fs": {
        "1": {
            "distance": "euclidean",
            "window_size": 7,
            "prominence": 0.3,
            "f1": 0.2755606276747503,
            "rval": 0.40778514717138425
        },
        "2": {
            "distance": "euclidean",
            "window_size": 6,
            "prominence": 0.4,
            "f1": 0.2752698048220436,
            "rval": 0.40236448871794916
        },
        "3": {
            "distance": "euclidean",
            "window_size": 6,
            "prominence": 0.4,
            "f1": 0.27681917946986323,
            "rval": 0.400255841312362
        },
        "4": {
            "distance": "euclidean",
            "window_size": 4,
            "prominence": 0.7,
            "f1": 0.3181590684120964,
            "rval": 0.43171483678248457
        },
        "5": {
            "distance": "euclidean",
            "window_size": 4,
            "prominence": 0.7,
            "f1": 0.36100265332096554,
            "rval": 0.4593957519455303
        },
        "6": {
            "distance": "cosine",
            "window_size": 4,
            "prominence": 0.5,
            "f1": 0.4132075853554876,
            "rval": 0.47444633005747705
        },
        "7": {
            "distance": "cosine",
            "window_size": 4,
            "prominence": 0.5,
            "f1": 0.4395217092621539,
            "rval": 0.4804971078957424
        },
        "8": {
            "distance": "euclidean",
            "window_size": 4,
            "prominence": 0.8,
            "f1": 0.3988740594864769,
            "rval": 0.4874401760273407
        },
        "9": {
            "distance": "euclidean",
            "window_size": 4,
            "prominence": 0.7,
            "f1": 0.3304975219428867,
            "rval": 0.43906339059680055
        },
        "10": {
            "distance": "euclidean",
            "window_size": 5,
            "prominence": 0.6,
            "f1": 0.27954852647266093,
            "rval": 0.4110809291035591
        },
        "11": {
            "distance": "euclidean",
            "window_size": 4,
            "prominence": 0.8,
            "f1": 0.30888365361251674,
            "rval": 0.4123183780220133
        },
        "12": {
            "distance": "euclidean",
            "window_size": 4,
            "prominence": 0.8,
            "f1": 0.2860734037204626,
            "rval": 0.4004313296866928
        }
    },
    "hubert_hf": {
        "1": {
            "distance": "cosine",
            "window_size": 7,
            "prominence": 0.2,
            "f1": 0.2758391786338592,
            "rval": 0.3908348681384396
        },
        "2": {
            "distance": "euclidean",
            "window_size": 7,
            "prominence": 0.2,
            "f1": 0.264839793143893,
            "rval": 0.38070470236990706
        },
        "3": {
            "distance": "euclidean",
            "window_size": 6,
            "prominence": 0.3,
            "f1": 0.2835110640046722,
            "rval": 0.39831923427721394
        },
        "4": {
            "distance": "euclidean",
            "window_size": 6,
            "prominence": 0.3,
            "f1": 0.290245117025397,
            "rval": 0.40137161971951985
        },
        "5": {
            "distance": "euclidean",
            "window_size": 6,
            "prominence": 0.4,
            "f1": 0.27922923155594814,
            "rval": 0.4108803022615676
        },
        "6": {
            "distance": "cosine",
            "window_size": 4,
            "prominence": 0.6,
            "f1": 0.2961026615969582,
            "rval": 0.4180210090999352
        },
        "7": {
            "distance": "cosine",
            "window_size": 4,
            "prominence": 0.5,
            "f1": 0.36571652719665276,
            "rval": 0.4630327937898817
        },
        "8": {
            "distance": "cosine",
            "window_size": 4,
            "prominence": 0.6,
            "f1": 0.3971784177570402,
            "rval": 0.4939748223843442
        },
        "9": {
            "distance": "cosine",
            "window_size": 4,
            "prominence": 0.7,
            "f1": 0.4467867925947416,
            "rval": 0.5300426720694553
        },
        "10": {
            "distance": "cosine",
            "window_size": 4,
            "prominence": 0.7,
            "f1": 0.4480958620398158,
            "rval": 0.518484471123411
        },
        "11": {
            "distance": "cosine",
            "window_size": 4,
            "prominence": 0.7,
            "f1": 0.419990093015576,
            "rval": 0.5087473894806543
        },
        "12": {
            "distance": "cosine",
            "window_size": 4,
            "prominence": 0.7,
            "f1": 0.34520288120667464,
            "rval": 0.4544478970170762
        }
    },
    "hubert_fs": {
        "1": {
            "distance": "cosine",
            "window_size": 4,
            "prominence": 0.8,
            "f1": 0.30333528907343055,
            "rval": 0.4287618048702271
        },
        "2": {
            "distance": "euclidean",
            "window_size": 7,
            "prominence": 0.2,
            "f1": 0.2651085499865988,
            "rval": 0.37937514926750104
        },
        "3": {
            "distance": "euclidean",
            "window_size": 6,
            "prominence": 0.3,
            "f1": 0.28352532657223173,
            "rval": 0.3999529389547063
        },
        "4": {
            "distance": "euclidean",
            "window_size": 6,