{
    "hubert_shall": {
        "9": {
            "distance": "cosine",
            "window_size": 4,
            "prominence": 0.4,
            "precision": 0.34143700787401576,
            "recall": 0.4903873338987843,
            "f1": 0.4025763026575374,
            "rval": 0.33017283893431304
        },
        "10": {
            "distance": "cosine",
            "window_size": 5,
            "prominence": 0.3,
            "precision": 0.3411117226197028,
            "recall": 0.4586354891223916,
            "f1": 0.39123847998990025,
            "rval": 0.3659389475473075
        }
    }
}