{
    "hubert_shall": {
        "9": {
            "distance": "cosine",
            "window_size": 4,
            "prominence": 0.15,
            "precision": 0.39807211710103535,
            "recall": 0.5373493975903615,
            "f1": 0.4573420836751435,
            "rval": 0.42270081823407113
        },
        "10": {
            "distance": "cosine",
            "window_size": 4,
            "prominence": 0.15,
            "precision": 0.40069686411149824,
            "recall": 0.5696915109209637,
            "f1": 0.4704788470478847,
            "rval": 0.39748716111414384
        }
    }
}